thinkpad laptop,"Lenovo ThinkPad X1 Carbon Gen 10 Intel Laptop, 14"" IPS Touch, vPro®, 32GB, 512GB","$1,599.99"
thinkpad laptop,"Lenovo ThinkPad T460s 14"" LED Laptop Core i7 2.3GHz 8GB RAM 128GB SSD Win 10 Pro",$274.99
thinkpad laptop,"Lenovo ThinkPad T470 14"" Core i7-7600U 2.80GHz 16GB RAM 512GB SSD Win 11 Pro",$235.00
thinkpad laptop,New ListingLenovo ThinkPad T480 14'' Intel Core i5-8th Gen Laptop (TA-810) ,$80.00
thinkpad laptop,Lenovo ThinkPad X270 Ultrabook w/Dock i5-6300U 2.40GHz 8GB 256GB SSD BT FPR W10P,$48.73
thinkpad laptop,"Lenovo ThinkPad X1 Carbon 6th Gen 14"" Laptop i7 512GB SSD 16GB RAM Win 10 (CR)",$341.96
thinkpad laptop,"Lenovo ThinkPad X1 CARBON 5th gen 14"" Laptop i5-7300U 2.6GHz 8GB 256GB Win10P",$129.99
thinkpad laptop,"~OVERSTOCK SALE~ 15.6"" Lenovo ThinkPad Laptop: i5 Dual Core! 16GB Ram! 512GB SSD",$194.99
thinkpad laptop,"Lenovo ThinkPad T470P Core i7-7820HQ 2.90GHz 16GB DDR4 RAM 14"" WQHD Laptop NO HD",$99.00
thinkpad laptop,"Lenovo ThinkPad X1 Carbon 6th Gen 14"" Laptop i7 512GB SSD 16GB RAM Win 10 (CR)",$341.96
thinkpad laptop,"~OVERSTOCK SALE~ 15.6"" Lenovo ThinkPad Laptop: i5 Dual Core! 16GB Ram! 512GB SSD",$194.99
thinkpad laptop,Lenovo ThinkPad T470 Laptop 2.50GHz Core i5-7200U 8GB RAM No HDD w/ Battery,$50.00
thinkpad laptop,"Lenovo ThinkPad T470P Core i7-7820HQ 2.90GHz 16GB DDR4 RAM 14"" WQHD Laptop NO HD",$99.00
thinkpad laptop,"~OVERSTOCK SALE~ 15.6"" Lenovo ThinkPad Laptop: i5 Dual Core! 16GB Ram! 512GB SSD",$194.99
thinkpad laptop,"Lenovo ThinkPad X1 Carbon 6th Gen 14"" Laptop i7 512GB SSD 16GB RAM Win 10 (CR)",$341.96
thinkpad laptop,"~OVERSTOCK SALE~ 15.6"" Lenovo ThinkPad i5 Laptop PC 16GB RAM 512GB SSD Win10 CAM",$189.99
thinkpad laptop,~CLEARANCE SALE~ Lenovo ThinkPad i5 Laptop PC 16GB RAM 500GB HDD Win10 Webcam,$169.99
thinkpad laptop,HP ProBook X360 Touchscreen Laptop Computer Windows 10 4GB Ram 128GB SSD HDMI,$115.65
thinkpad laptop,"~OVERSTOCK SALE~ 15.6"" Lenovo ThinkPad Laptop PC 16GB RAM 512GB SSD Win10 Webcam",$199.99
thinkpad laptop,~OVERSTOCK SALE~ Lenovo ThinkPad i5 Laptop PC 16GB RAM 512GB SSD Windows 11 Pro,$314.99
thinkpad laptop,"Lenovo ThinkPad X270 12.5"" Laptop i5 6th Gen Select Drive/RAM Win 10 Pro (CR)",$134.96
thinkpad laptop,"Lenovo ThinkPad T470 14"" FHD Core i7-7600U 2.80GHz Webcam Backlit HDMI USB-C",$185.00 to $385.00
thinkpad laptop,"~OVERSTOCK SALE~ 15.6"" Lenovo ThinkPad i5 Laptop PC 16GB RAM 512GB SSD Win10 CAM",$189.99
thinkpad laptop,New ListingLenovo ThinkPad T480 Core i5 8350U 1.7GHz 8GB RAM No HDD 14'' No OS Laptop,$68.07
thinkpad laptop,Lenovo ThinkPad X270 Ultrabook w/Dock i5-6300U 2.40GHz 8GB 256GB SSD BT FPR W10P,$48.73
thinkpad laptop,"Lenovo ThinkPad 11e Chromebook 11.6"" Laptop  16GB SSD Chrome OS Webcam Wifi",$49.99
thinkpad laptop,~CLEARANCE SALE~ Lenovo ThinkPad i5 Laptop PC 16GB RAM 500GB HDD Win10 Webcam,$169.99
thinkpad laptop,HP ProBook X360 Touchscreen Laptop Computer Windows 10 4GB Ram 128GB SSD HDMI,$115.65
thinkpad laptop,Lenovo ThinkPad Yoga 11e Touchscreen Laptop Windows 10 8GB Ram 128GB SSD,$169.99
thinkpad laptop,"14"" Lenovo ThinkPad Laptop PC: Intel i5 Dual Core! 16GB RAM! 256GB SSD! Webcam!",$214.99
thinkpad laptop,"Lenovo Thinkpad T440 14"" Intel Core i5 1.9GHz 4GB 128GB SSD Win 10",$88.00
thinkpad laptop,"Lenovo ThinkPad X1 Carbon Gen 11 Intel Laptop, 14"" IPS Touch, vPro®, 16GB, 1TB","$1,619.99"
thinkpad laptop,New ListingLenovo Thinkpad X1 Carbon Laptop i5 256 SSD 8GB Ram - FREE SHIPPING,$75.00
thinkpad laptop,Lenovo ThinkPad T440P i5-4300M 2.6GHz 8GB 120GB SSD Win11 Pro Laptop PC,$64.99
thinkpad laptop,Lenovo Laptop ThinkPad Yoga S1 12 i5 256GB SSD Windows 10 Pro IPS Stylus Webcam,$199.99
thinkpad laptop,"Lenovo ThinkPad T14s Gen 2 AMD Laptop, 14"" FHD IPS, Ryzen 3 PRO 5450U, 8GB",$449.99
thinkpad laptop,"Lenovo ThinkPad X1 Yoga 2-in-1 Laptop, Intel i7-8665U, 16GB RAM, 1TB SSD",$297.00
thinkpad laptop,New ListingLenovo ThinkPad T480 14'' Intel Core i5-8th Gen Laptop (TA-810) ,$1.00
thinkpad laptop,"Lenovo ThinkPad Yoga 12 12.5"" Touchscreen Laptop i5-5200U 4GB 128GB Windows 10",$69.99
thinkpad laptop,"Lenovo Yoga 11e 11.6"" Touch Laptop CELERON 4GB RAM 128GB SSD Windows 10",$67.00
thinkpad laptop,"Lenovo Laptop ThinkPad  14"" Computer PC Core i5 8GB 500GB HD DVD Wifi Win 10 Pro",$159.99
thinkpad laptop,"Lenovo Thinkpad51 15.6"" - 512GB, Nvidia GPU, i7 Base: 2.80GHz, 16GB RAM",$223.50
thinkpad laptop,"Lenovo ThinkPad E15, i5, 8GB RAM, 256GB SSD, No OS",$238.00
thinkpad laptop,Lenovo ThinkPad T450s Laptop Computer Core i7 16GB Ram 512GB SSD Windows 10 Pro,$260.99
thinkpad laptop,"~OVERSTOCK SALE~ 15.6"" Lenovo ThinkPad Laptop PC 16GB RAM 512GB SSD Win10 Webcam",$199.99
thinkpad laptop,Lenovo ThinkPad T420 i5-2450M 2.5GHz 8GB 500GB SSD Win10 pro Laptop Wifi,$104.40
thinkpad laptop,"Lenovo ThinkPad L530 15"" Laptop Intel i3 3rd Gen 8GB RAM 500GB Windows 10",$79.00
thinkpad laptop,Lenovo ThinkPad X201 Intel Core i5 4GB RAM 128GB SSD Win10,$70.54
thinkpad laptop,"Lenovo ThinkPad X1 Nano Gen 1 13"" Notebook 2K i5-1130G7 16GB RAM 512GB SSD",$629.99
thinkpad laptop,Lenovo ThinkPad 13 Intel core i7-7200U @2.50GHz 8GB Laptop Computer No hdd,$41.00
thinkpad laptop,~OVERSTOCK SALE~ Lenovo ThinkPad i5 Laptop PC 16GB RAM 512GB SSD Windows 11 Pro,$314.99
thinkpad laptop,Lenovo ThinkPad T480s i7-8650U @1.9GHz 16GB RAM 256G M.2 SSD Win 11 Touch Screen,$219.99
thinkpad laptop,"Lenovo ThinkPad X1 Carbon 6th Gen 14"" Laptop i7 256GB SSD 16GB RAM Win 10 (CR)",$323.96
thinkpad laptop,"Lenovo ThinkPad X270 12.5"" Laptop i5 6th Gen Select Drive/RAM Win 10 Pro (CR)",$121.46 to $148.45
thinkpad laptop,Lenovo ThinkPad T14 Gen1 - 20UES1K600 - AMD Ryzen 5 PRO 2.1GHz - 16GB - 512GB -,$257.25
thinkpad laptop,Lenovo Quad-Core Gaming Laptop-Intel i7 4800MQ-16GB RAM-500GB SSD WIN 10-NVIDIA,$145.00
thinkpad laptop,"Lenovo ThinkPad T490s 14"" Laptop Touch Screen i7-8665u@1.9GHz 16GB RAM M.2 256GB",$239.99
thinkpad laptop,New ListingLenovo ThinkPad P51s Laptop i7-6500U 2.50GHz 8GB Memory NoHDD/OS/AC,$119.99
thinkpad laptop,"Lenovo ThinkPad T460 14"" Laptop Intel Core i5 4GB 128GB HDD Windows 10",$88.00
thinkpad laptop,"Lenovo ThinkPad X1 CARBON 5th gen 14"" Laptop i5-7300U 2.6GHz 8GB 256GB Win10P",$129.99
thinkpad laptop,Lenovo Thinkpad Workstation Laptop (2021),$120.50
thinkpad laptop,"Lenovo ThinkPad 11e 11.6""Celeron 4Core N2930 1.83GHZ 4GB RAM 320GB HHD Webcam",$59.99
thinkpad laptop,"Lenovo ThinkPad x140e 11.6"" Laptop AMD 1.4GHz 4GB RAM 128GB SSD Windows 10",$79.00
thinkpad laptop,Lenovo ThinkPad T480 Intel Core i5-8250U 1.60GHz 8GB RAM | No Battery/HDD/SSD,$119.99
thinkpad laptop,"LENOVO THINKPAD T430 LAPTOP: 250GB SSD, 4GB RAM w/AC Adapter",$79.55
thinkpad laptop,Lenovo ThinkPad Yoga 11e Chromebook Touchscreen Tablet mode Celeron 1.83GHz HDMI,$33.95
thinkpad laptop,COLLECTOR GRADE   MINT T60 THINKPAD 3GB Win XP SP1 W/Dock and AC/DC PS,$50.00
thinkpad laptop,"Lenovo ThinkPad X1 Nano 13"" Ultrabook 2K Intel Core i7-1160G7 16GB RAM 512GB SSD",$739.99
thinkpad laptop,~OVERSTOCK SALE~ Lenovo ThinkPad i5 Laptop PC 8GB RAM 512GB SSD Win10 Webcam,$179.99
thinkpad laptop,"Lenovo T460 14"" Laptop Intel Core i5 6th Gen 2.4GHz 8GB Ram 256GB SSD Win 10 Pro",$149.99
thinkpad laptop,"~OVERSTOCK SALE~ 15.6"" Lenovo ThinkPad i5 Laptop PC 8GB! RAM 512GB SSD! Webcam!",$149.99
thinkpad laptop,~OVERSTOCK SALE~ Lenovo ThinkPad Laptop PC: Intel Core i5! 16GB RAM! 512GB SSD!,$244.99
thinkpad laptop,"Lenovo ThinkPad 11e Chromebook Laptop: 11.6"" Celeron N2940 4GB Ram 16GB SSD HDM1",$42.99
thinkpad laptop,"14"" Lenovo ThinkPad T480 i5 Quad Core Laptop 8GB Ram 256GB SSD Windows 10 Pro",$269.99
thinkpad laptop,New ListingLenovo ThinkPad L14 AMD RYZEN 5 Pro 2.3GHz 8GB RAM No HDD 14'' No OS Laptop,$32.00
thinkpad laptop,"New ListingNEW! Lenovo ThinkPad T14 Gen 3 14"" Laptop / 1TB / 16GB / Ryzen 5 / Radeon / 2026",$34.00
thinkpad laptop,"Lenovo ThinkPad T470P Intel Core i7-7820HQ 2.90GHz 16GB DDR4 RAM 14"" WQHD Laptop",$34.00
thinkpad laptop,"Lenovo ThinkPad T540p 15.6"" i7-4600M@2.90GHz 8GB 500GB HDD ",$51.00
thinkpad laptop,New ListingLOT OF 2 BIOS LOCKED Lenovo ThinkPad E490 Intel i5 8th Gen NO RAM/HDD/BATT/OS,$60.00
thinkpad laptop,~OVERSTOCK SALE~ Lenovo ThinkPad i5 Laptop PC 16GB RAM 256GB SSD Windows 11 Pro,$284.99
thinkpad laptop,"New ListingLenovo ThinkPad Yoga 370 13.3'' (180GB, Intel Core i5 7th Gen., 2.5 GHz, 8 GB)",$118.00
thinkpad laptop,"New ListingNEW! Lenovo ThinkPad T14 Gen 2 14"" Laptop 512GB / 16GB / Ryzen 5 Pro / TS / 2026",$11.50
thinkpad laptop,"Thinkpad T470 i7-7600U 14"" FHD 32GB DDR4 NEW 2TB Windows 11 Pro Laptop Notebook",$379.99
thinkpad laptop,"New ListingLenovo Thinkpad T430s, Intel Core i5-3320m, 6gb Ram, 120gb ssd, Windows 10 Pro",$20.50
thinkpad laptop,"Lenovo Thinkpad L480 14"" (128GB SSD, Intel Core i5 8th Gen, 1.70 GHz, 8GB)...",$63.00
thinkpad laptop,"Lenovo ThinkPad X260 Intel Core i5-6300u @2.40GHz 16GB RAM 12.5"" Laptop w/AC",$79.99
thinkpad laptop,"Lenovo ThinkPad E580 Core i5 7th Gen 2.5 GHz 15.6"" 500GB HDD 8GB Win 10 Pro",$128.88
thinkpad laptop,"Lenovo ThinkPad T490 14"" i5-8365U @ 1.60GHz 16GB/256GB Win 10 Pro",$215.00
thinkpad laptop,"Lenovo Thinkpad T495S 14"" AMD Ryzen 7 2.30 GHz 16GB 512GB SSD Win 11 - GRADE A!",$349.00
